{
  "subtask_count_accuracy": 0.0,
  "average_recall": 0.7383333333333333,
  "average_jaccard": 0.12388993097470827,
  "task_decomposition_accuracy": 0.3325003126257458,
  "rouge1": 0.13522456378745706,
  "rouge2": 0.05567073744378491,
  "rougeL": 0.10970021079325412,
  "bleu": 3.1780040622285393
}